ID,Username,Email,Role,Provider,Enabled,Updated At,Study Field,Age,Institute,Profile Status
1,mohamed.omrani376,mohamed.omrani376@gmail.com,OWNER,GOOGLE,true,,,,N/A,ACTIVE
2,mohamed.omrani353,mohamed.omrani353@gmail.com,STUDENT,GOOGLE,true,,,,N/A,ACTIVE
3,medomrani,mohamed.555@gmail.com,STUDENT,LOCAL,true,,,,N/A,ACTIVE
4,medomrani2,mohamed.omrani3503@gmail.com,STUDENT,LOCAL,true,,,,N/A,ACTIVE
5,medomrani3,mohamed.omrani3593@gmail.com,STUDENT,LOCAL,true,,,,N/A,ACTIVE
6,medomrani4,mohamed.omrani3403@gmail.com,STUDENT,LOCAL,true,,,,N/A,ACTIVE
7,medomrani5,mohamed.omrani3603@gmail.com,STUDENT,LOCAL,true,,,,N/A,ACTIVE
8,medomrani6,mohamed.444@gmail.com,STUDENT,LOCAL,true,,,,N/A,ACTIVE
9,medomrani7,mohamed.omrani333@gmail.com,OWNER,LOCAL,true,,,,N/A,ACTIVE
10,medomrani8,mohamed.omrani37666@gmail.com,OWNER,LOCAL,true,,,,N/A,ACTIVE
12,medomrani10,mohamed.omrani301@gmail.com,STUDENT,LOCAL,true,,,,N/A,ACTIVE
13,medomrani11,mohamed.omrani302@gmail.com,STUDENT,LOCAL,true,,,,N/A,ACTIVE
15,ahmed_fsm,ahmed.ben.ali@fsm.rnu.tn,STUDENT,LOCAL,true,,,,N/A,ACTIVE
16,fatma_info,fatma.gharbi@fsm.rnu.tn,STUDENT,LOCAL,true,,,,N/A,ACTIVE
17,mohamed_cs,mohamed.sassi@fsm.rnu.tn,STUDENT,LOCAL,true,,,,N/A,ACTIVE
18,sara_math,sara.mahjoub@fsm.rnu.tn,STUDENT,LOCAL,true,,,,N/A,ACTIVE
19,karim_physics,karim.bouaziz@fsm.rnu.tn,STUDENT,LOCAL,true,,,,N/A,ACTIVE
20,rania_soft,rania.khemiri@enis.rnu.tn,STUDENT,LOCAL,true,,,,N/A,ACTIVE
21,bilel_code,bilel.guesmi@esprit.tn,STUDENT,LOCAL,true,,,,N/A,ACTIVE
22,mariem_business,mariem.jlassi@fseg.rnu.tn,STUDENT,LOCAL,true,,,,N/A,ACTIVE
23,admin,admin@pfe.com,ADMIN,LOCAL,true,,,,N/A,ACTIVE
11,medomrani9,mohamed.omrani300@gmail.com,ADMIN,LOCAL,true,,,,N/A,ACTIVE
25,ADMIN,eladmin123@gmail.com,ADMIN,LOCAL,true,2025-05-25T01:04:22.503089,,,N/A,ACTIVE
26,the student,student@gmail.com,ADMIN,LOCAL,true,2025-05-25T01:15:03.049339,,,N/A,ACTIVE
